{
  "cumulative_return": -0.0009417259731220318,
  "annualized_volatility": 4.19509346814813e-05,
  "sharpe_ratio": -0.3417277491728195,
  "max_drawdown": 0.0009800766564921942,
  "total_trades": 791,
  "win_rate": 0.08849557522123894,
  "avg_win": 740.4085796431691,
  "avg_loss": -939.1890428330255,
  "profit_factor": 0.7883488263552956,
  "final_value": 999058.274026878,
  "initial_value": 1000000,
  "stop_loss_count": 393,
  "time_stop_count": 2
}