{
  "bollinger_bands": {
    "cumulative_return": -0.02692788105754118,
    "annualized_volatility": 0.0006408337425155221,
    "sharpe_ratio": -3.2387621948509833,
    "max_drawdown": 0.027013382135598733,
    "total_trades": 30346,
    "win_rate": 0.5998154616753444,
    "avg_win": 195.5124278659655,
    "avg_loss": -223.8847811328356,
    "profit_factor": 0.8732725238253859,
    "final_value": 973072.1189424588,
    "initial_value": 1000000,
    "stop_loss_count": 15067,
    "time_stop_count": 0,
    "strategy": "bollinger_bands"
  },
  "mean_reversion": {
    "cumulative_return": -0.02449715053500401,
    "annualized_volatility": 0.0007789008902940065,
    "sharpe_ratio": -2.420969534247849,
    "max_drawdown": 0.0248273891845625,
    "total_trades": 27079,
    "win_rate": 0.6255400864138262,
    "avg_win": 211.08952298956376,
    "avg_loss": -212.4988263709072,
    "profit_factor": 0.9933679474592317,
    "final_value": 975502.849464996,
    "initial_value": 1000000,
    "stop_loss_count": 13511,
    "time_stop_count": 5,
    "strategy": "mean_reversion"
  },
  "aggressive": {
    "cumulative_return": -0.046608134289572556,
    "annualized_volatility": 0.0013406152034105443,
    "sharpe_ratio": -2.706601302896398,
    "max_drawdown": 0.04677496180030039,
    "total_trades": 49193,
    "win_rate": 0.631228020246783,
    "avg_win": 204.3162331048401,
    "avg_loss": -222.5829133887639,
    "profit_factor": 0.917933142280247,
    "final_value": 953391.8657104274,
    "initial_value": 1000000,
    "stop_loss_count": 24367,
    "time_stop_count": 0,
    "strategy": "aggressive"
  },
  "conservative": {
    "cumulative_return": -0.02391136091360435,
    "annualized_volatility": 0.0012630192066772543,
    "sharpe_ratio": -1.4564718047241807,
    "max_drawdown": 0.023955422292505066,
    "total_trades": 24536,
    "win_rate": 0.577885555917835,
    "avg_win": 191.15253119691167,
    "avg_loss": -220.83318201484687,
    "profit_factor": 0.8655969608048317,
    "final_value": 976088.6390863956,
    "initial_value": 1000000,
    "stop_loss_count": 12179,
    "time_stop_count": 0,
    "strategy": "conservative"
  },
  "momentum": {
    "cumulative_return": -0.03158440580329913,
    "annualized_volatility": 0.0013644217675391986,
    "sharpe_ratio": -1.7879694294717647,
    "max_drawdown": 0.031739259992511246,
    "total_trades": 33243,
    "win_rate": 0.6054507715910117,
    "avg_win": 197.4566714605102,
    "avg_loss": -224.9614365533484,
    "profit_factor": 0.8777356443209074,
    "final_value": 968415.5941967008,
    "initial_value": 1000000,
    "stop_loss_count": 16491,
    "time_stop_count": 0,
    "strategy": "momentum"
  }
}