{
  "bollinger_bands": {
    "cumulative_return": -55673087516018.055,
    "annualized_volatility": 585976.2929557099,
    "sharpe_ratio": 0.8225997361616749,
    "max_drawdown": 55673087516018.055,
    "total_trades": 918,
    "win_rate": 0.5599128540305011,
    "avg_win": 5.4220563666308984e+16,
    "avg_loss": -6.882787143248357e+16,
    "profit_factor": 0.7877704560353349,
    "final_value": -5.567308751601706e+19,
    "initial_value": 1000000,
    "stop_loss_count": 459,
    "time_stop_count": 0,
    "strategy": "bollinger_bands"
  },
  "mean_reversion": {
    "cumulative_return": -7404.183508166671,
    "annualized_volatility": 102.21453164682919,
    "sharpe_ratio": -0.8872652353855635,
    "max_drawdown": 7404.183532900802,
    "total_trades": 983,
    "win_rate": 0.29094608341810785,
    "avg_win": 12962186.599514477,
    "avg_loss": -5304960.62101129,
    "profit_factor": 2.4434086368474275,
    "final_value": -7403183508.166672,
    "initial_value": 1000000,
    "stop_loss_count": 491,
    "time_stop_count": 0,
    "strategy": "mean_reversion"
  },
  "aggressive": {
    "cumulative_return": -55673087516018.055,
    "annualized_volatility": 585976.2929557099,
    "sharpe_ratio": 0.8225997361616749,
    "max_drawdown": 55673087516018.055,
    "total_trades": 918,
    "win_rate": 0.5599128540305011,
    "avg_win": 5.4220563666308984e+16,
    "avg_loss": -6.882787143248357e+16,
    "profit_factor": 0.7877704560353349,
    "final_value": -5.567308751601706e+19,
    "initial_value": 1000000,
    "stop_loss_count": 459,
    "time_stop_count": 0,
    "strategy": "aggressive"
  },
  "conservative": {
    "cumulative_return": -7404.183508166671,
    "annualized_volatility": 102.21453164682919,
    "sharpe_ratio": -0.8872652353855635,
    "max_drawdown": 7404.183532900802,
    "total_trades": 983,
    "win_rate": 0.29094608341810785,
    "avg_win": 12962186.599514477,
    "avg_loss": -5304960.62101129,
    "profit_factor": 2.4434086368474275,
    "final_value": -7403183508.166672,
    "initial_value": 1000000,
    "stop_loss_count": 491,
    "time_stop_count": 0,
    "strategy": "conservative"
  },
  "volatility_adjusted": {
    "cumulative_return": -7404.183508166671,
    "annualized_volatility": 102.21453164682919,
    "sharpe_ratio": -0.8872652353855635,
    "max_drawdown": 7404.183532900802,
    "total_trades": 983,
    "win_rate": 0.29094608341810785,
    "avg_win": 12962186.599514477,
    "avg_loss": -5304960.62101129,
    "profit_factor": 2.4434086368474275,
    "final_value": -7403183508.166672,
    "initial_value": 1000000,
    "stop_loss_count": 491,
    "time_stop_count": 0,
    "strategy": "volatility_adjusted"
  }
}